{
  "Euclidean NMF": {
    "10": -14.406092922381356,
    "20": -14.624308931096142,
    "30": -15.316637566404875,
    "40": -15.263124708722618,
    "50": -15.205885426544729
  },
  "IS-NMF": {
    "10": -15.454038307239108,
    "20": -14.758356467367099,
    "30": -15.600007352959471,
    "40": -15.751936330169494,
    "50": -15.820010232184142
  },
  "Sparse NMF": {
    "10": -14.824455722276275,
    "20": -14.873340835992446,
    "30": -15.189116076887512,
    "40": -15.183155708016702,
    "50": -15.209572647471145
  },
  "Convolutive NMF": {
    "10": -14.724909321599622,
    "20": -16.02015037383691,
    "30": -15.527616571389416,
    "40": -15.669031577722853,
    "50": -15.500153737550988
  }
}